IdLineaPunto;IdLineaRuta;IdPunto;IdPuntoDest;Orden;Distancia;Tiempo
1;1;1;2;1;0;0
2;1;2;3;2;0;0
3;1;3;4;3;0;0
4;1;4;5;4;0;0
5;1;5;6;5;0;0
6;1;6;7;6;0;0
7;1;7;8;7;0;0
8;1;8;9;8;0;0
9;1;9;10;9;0;0
10;1;10;11;10;0;0
11;1;11;12;11;0;0
12;1;12;13;12;0;0
13;1;13;14;13;0;0
14;1;14;15;14;0;0
15;1;15;16;15;0;0
16;1;16;17;16;0;0
17;1;17;18;17;0;0
18;1;18;19;18;0;0
19;1;19;20;19;0;0
20;1;20;21;20;0;0
21;1;21;22;21;0;0
22;1;22;23;22;0;0
23;1;23;24;23;0;0
24;1;24;25;24;0;0
25;1;25;26;25;0;0
26;1;26;27;26;0;0
27;1;27;28;27;0;0
28;1;28;29;28;0;0
29;1;29;30;29;0;0
30;1;30;31;30;0;0
31;1;31;32;31;0;0
32;1;32;33;32;0;0
33;1;33;34;33;0;0
34;1;34;35;34;0;0
35;1;35;36;35;0;0
36;1;36;37;36;0;0
37;1;37;38;37;0;0
38;1;38;39;38;0;0
39;1;39;40;39;0;0
40;1;40;41;40;0;0
41;1;41;42;41;0;0
42;1;42;43;42;0;0
43;1;43;44;43;0;0
44;1;44;45;44;0;0
45;1;45;46;45;0;0
46;1;46;47;46;0;0
47;1;47;48;47;0;0
48;1;48;49;48;0;0
49;1;49;50;49;0;0
50;1;50;51;50;0;0
51;1;51;52;51;0;0
52;1;52;53;52;0;0
53;1;53;54;53;0;0
54;1;54;55;54;0;0
55;1;55;56;55;0;0
56;1;56;57;56;0;0
57;1;57;58;57;0;0
58;1;58;59;58;0;0
59;1;59;60;59;0;0
60;1;60;61;60;0;0
61;1;61;0;61;0;0
62;2;62;63;1;0;0
63;2;63;64;2;0;0
64;2;64;65;3;0;0
65;2;65;66;4;0;0
66;2;66;67;5;0;0
67;2;67;68;6;0;0
68;2;68;69;7;0;0
69;2;69;70;8;0;0
70;2;70;71;9;0;0
71;2;71;72;10;0;0
72;2;72;73;11;0;0
73;2;73;74;12;0;0
74;2;74;75;13;0;0
75;2;75;76;14;0;0
76;2;76;77;15;0;0
77;2;77;78;16;0;0
78;2;78;79;17;0;0
79;2;79;80;18;0;0
80;2;80;81;19;0;0
81;2;81;82;20;0;0
82;2;82;83;21;0;0
83;2;83;84;22;0;0
84;2;84;85;23;0;0
85;2;85;86;24;0;0
86;2;86;87;25;0;0
87;2;87;88;26;0;0
88;2;88;89;27;0;0
89;2;89;90;28;0;0
90;2;90;91;29;0;0
91;2;91;92;30;0;0
92;2;92;93;31;0;0
93;2;93;94;32;0;0
94;2;94;95;33;0;0
95;2;95;96;34;0;0
96;2;96;97;35;0;0
97;2;97;98;36;0;0
98;2;98;99;37;0;0
99;2;99;100;38;0;0
100;2;100;101;39;0;0
101;2;101;102;40;0;0
102;2;102;103;41;0;0
103;2;103;104;42;0;0
104;2;104;105;43;0;0
105;2;105;106;44;0;0
106;2;106;107;45;0;0
107;2;107;108;46;0;0
108;2;108;109;47;0;0
109;2;109;110;48;0;0
110;2;110;111;49;0;0
111;2;111;112;50;0;0
112;2;112;113;51;0;0
113;2;113;114;52;0;0
114;2;114;115;53;0;0
115;2;115;4;54;0;0
116;2;4;3;55;0;0
117;2;3;2;56;0;0
118;2;2;0;57;0;0
119;3;1;2;1;0;0
120;3;2;3;2;0;0
121;3;3;4;3;0;0
122;3;4;5;4;0;0
123;3;5;116;5;0;0
124;3;116;111;6;0;0
125;3;111;112;7;0;0
126;3;112;113;8;0;0
127;3;113;117;9;0;0
128;3;117;118;10;0;0
129;3;118;119;11;0;0
130;3;119;120;12;0;0
131;3;120;121;13;0;0
132;3;121;122;14;0;0
133;3;122;123;15;0;0
134;3;123;124;16;0;0
135;3;124;125;17;0;0
136;3;125;126;18;0;0
137;3;126;127;19;0;0
138;3;127;128;20;0;0
139;3;128;96;21;0;0
140;3;96;129;22;0;0
141;3;129;27;23;0;0
142;3;27;28;24;0;0
143;3;28;29;25;0;0
144;3;29;30;26;0;0
145;3;30;31;27;0;0
146;3;31;32;28;0;0
147;3;32;33;29;0;0
148;3;33;34;30;0;0
149;3;34;35;31;0;0
150;3;35;36;32;0;0
151;3;36;37;33;0;0
152;3;37;38;34;0;0
153;3;38;39;35;0;0
154;3;39;40;36;0;0
155;3;40;41;37;0;0
156;3;41;42;38;0;0
157;3;42;43;39;0;0
158;3;43;44;40;0;0
159;3;44;130;41;0;0
160;3;130;131;42;0;0
161;3;131;132;43;0;0
162;3;132;133;44;0;0
163;3;133;134;45;0;0
164;3;134;0;46;0;0
165;4;135;134;1;0;0
166;4;134;133;2;0;0
167;4;133;132;3;0;0
168;4;132;131;4;0;0
169;4;131;136;5;0;0
170;4;136;46;6;0;0
171;4;46;47;7;0;0
172;4;47;48;8;0;0
173;4;48;79;9;0;0
174;4;79;80;10;0;0
175;4;80;81;11;0;0
176;4;81;82;12;0;0
177;4;82;83;13;0;0
178;4;83;84;14;0;0
179;4;84;85;15;0;0
180;4;85;86;16;0;0
181;4;86;87;17;0;0
182;4;87;88;18;0;0
183;4;88;89;19;0;0
184;4;89;90;20;0;0
185;4;90;91;21;0;0
186;4;91;92;22;0;0
187;4;92;93;23;0;0
188;4;93;94;24;0;0
189;4;94;95;25;0;0
190;4;95;96;26;0;0
191;4;96;97;27;0;0
192;4;97;98;28;0;0
193;4;98;99;29;0;0
194;4;99;100;30;0;0
195;4;100;101;31;0;0
196;4;101;102;32;0;0
197;4;102;103;33;0;0
198;4;103;104;34;0;0
199;4;104;105;35;0;0
200;4;105;106;36;0;0
201;4;106;107;37;0;0
202;4;107;137;38;0;0
203;4;137;108;39;0;0
204;4;108;109;40;0;0
205;4;109;110;41;0;0
206;4;110;111;42;0;0
207;4;111;112;43;0;0
208;4;112;113;44;0;0
209;4;113;114;45;0;0
210;4;114;115;46;0;0
211;4;115;4;47;0;0
212;4;4;3;48;0;0
213;4;3;2;49;0;0
214;4;2;0;50;0;0
215;5;138;139;1;0;0
216;5;139;140;2;0;0
217;5;140;141;3;0;0
218;5;141;142;4;0;0
219;5;142;143;5;0;0
220;5;143;144;6;0;0
221;5;144;145;7;0;0
222;5;145;146;8;0;0
223;5;146;147;9;0;0
224;5;147;148;10;0;0
225;5;148;149;11;0;0
226;5;149;150;12;0;0
227;5;150;151;13;0;0
228;5;151;152;14;0;0
229;5;152;153;15;0;0
230;5;153;154;16;0;0
231;5;154;155;17;0;0
232;5;155;156;18;0;0
233;5;156;157;19;0;0
234;5;157;158;20;0;0
235;5;158;159;21;0;0
236;5;159;160;22;0;0
237;5;160;161;23;0;0
238;5;161;162;24;0;0
239;5;162;163;25;0;0
240;5;163;164;26;0;0
241;5;164;165;27;0;0
242;5;165;166;28;0;0
243;5;166;167;29;0;0
244;5;167;168;30;0;0
245;5;168;169;31;0;0
246;5;169;170;32;0;0
247;5;170;171;33;0;0
248;5;171;172;34;0;0
249;5;172;173;35;0;0
250;5;173;36;36;0;0
251;5;36;37;37;0;0
252;5;37;38;38;0;0
253;5;38;39;39;0;0
254;5;39;40;40;0;0
255;5;40;41;41;0;0
256;5;41;42;42;0;0
257;5;42;43;43;0;0
258;5;43;44;44;0;0
259;5;44;130;45;0;0
260;5;130;131;46;0;0
261;5;131;132;47;0;0
262;5;132;133;48;0;0
263;5;133;134;49;0;0
264;5;134;0;50;0;0
265;6;174;175;1;0;0
266;6;175;176;2;0;0
267;6;176;177;3;0;0
268;6;177;178;4;0;0
269;6;178;131;5;0;0
270;6;131;136;6;0;0
271;6;136;46;7;0;0
272;6;46;47;8;0;0
273;6;47;48;9;0;0
274;6;48;79;10;0;0
275;6;79;80;11;0;0
276;6;80;81;12;0;0
277;6;81;82;13;0;0
278;6;82;179;14;0;0
279;6;179;37;15;0;0
280;6;37;180;16;0;0
281;6;180;181;17;0;0
282;6;181;182;18;0;0
283;6;182;183;19;0;0
284;6;183;184;20;0;0
285;6;184;185;21;0;0
286;6;185;186;22;0;0
287;6;186;187;23;0;0
288;6;187;188;24;0;0
289;6;188;189;25;0;0
290;6;189;190;26;0;0
291;6;190;164;27;0;0
292;6;164;191;28;0;0
293;6;191;192;29;0;0
294;6;192;193;30;0;0
295;6;193;194;31;0;0
296;6;194;195;32;0;0
297;6;195;196;33;0;0
298;6;196;197;34;0;0
299;6;197;198;35;0;0
300;6;198;199;36;0;0
301;6;199;200;37;0;0
302;6;200;201;38;0;0
303;6;201;202;39;0;0
304;6;202;203;40;0;0
305;6;203;204;41;0;0
306;6;204;205;42;0;0
307;6;205;206;43;0;0
308;6;206;207;44;0;0
309;6;207;208;45;0;0
310;6;208;209;46;0;0
311;6;209;210;47;0;0
312;6;210;211;48;0;0
313;6;211;212;49;0;0
314;6;212;213;50;0;0
315;6;213;214;51;0;0
316;6;214;215;52;0;0
317;6;215;216;53;0;0
318;6;216;217;54;0;0
319;6;217;218;55;0;0
320;6;218;219;56;0;0
321;6;219;220;57;0;0
322;6;220;0;58;0;0
323;7;221;222;1;0;0
324;7;222;223;2;0;0
325;7;223;224;3;0;0
326;7;224;225;4;0;0
327;7;225;226;5;0;0
328;7;226;227;6;0;0
329;7;227;155;7;0;0
330;7;155;228;8;0;0
331;7;228;229;9;0;0
332;7;229;230;10;0;0
333;7;230;231;11;0;0
334;7;231;232;12;0;0
335;7;232;233;13;0;0
336;7;233;234;14;0;0
337;7;234;235;15;0;0
338;7;235;236;16;0;0
339;7;236;237;17;0;0
340;7;237;238;18;0;0
341;7;238;239;19;0;0
342;7;239;240;20;0;0
343;7;240;241;21;0;0
344;7;241;242;22;0;0
345;7;242;243;23;0;0
346;7;243;244;24;0;0
347;7;244;245;25;0;0
348;7;245;246;26;0;0
349;7;246;247;27;0;0
350;7;247;248;28;0;0
351;7;248;249;29;0;0
352;7;249;250;30;0;0
353;7;250;251;31;0;0
354;7;251;252;32;0;0
355;7;252;253;33;0;0
356;7;253;254;34;0;0
357;7;254;255;35;0;0
358;7;255;44;36;0;0
359;7;44;45;37;0;0
360;7;45;46;38;0;0
361;7;46;47;39;0;0
362;7;47;48;40;0;0
363;7;48;49;41;0;0
364;7;49;50;42;0;0
365;7;50;51;43;0;0
366;7;51;52;44;0;0
367;7;52;53;45;0;0
368;7;53;54;46;0;0
369;7;54;55;47;0;0
370;7;55;56;48;0;0
371;7;56;57;49;0;0
372;7;57;58;50;0;0
373;7;58;59;51;0;0
374;7;59;67;52;0;0
375;7;67;68;53;0;0
376;7;68;256;54;0;0
377;7;256;257;55;0;0
378;7;257;258;56;0;0
379;7;258;0;57;0;0
380;8;259;260;1;0;0
381;8;260;261;2;0;0
382;8;261;262;3;0;0
383;8;262;263;4;0;0
384;8;263;69;5;0;0
385;8;69;70;6;0;0
386;8;70;71;7;0;0
387;8;71;72;8;0;0
388;8;72;73;9;0;0
389;8;73;74;10;0;0
390;8;74;75;11;0;0
391;8;75;76;12;0;0
392;8;76;77;13;0;0
393;8;77;78;14;0;0
394;8;78;79;15;0;0
395;8;79;264;16;0;0
396;8;264;265;17;0;0
397;8;265;43;18;0;0
398;8;43;266;19;0;0
399;8;266;267;20;0;0
400;8;267;268;21;0;0
401;8;268;269;22;0;0
402;8;269;270;23;0;0
403;8;270;271;24;0;0
404;8;271;272;25;0;0
405;8;272;273;26;0;0
406;8;273;274;27;0;0
407;8;274;275;28;0;0
408;8;275;276;29;0;0
409;8;276;277;30;0;0
410;8;277;278;31;0;0
411;8;278;279;32;0;0
412;8;279;280;33;0;0
413;8;280;281;34;0;0
414;8;281;282;35;0;0
415;8;282;283;36;0;0
416;8;283;284;37;0;0
417;8;284;285;38;0;0
418;8;285;286;39;0;0
419;8;286;287;40;0;0
420;8;287;288;41;0;0
421;8;288;289;42;0;0
422;8;289;290;43;0;0
423;8;290;291;44;0;0
424;8;291;292;45;0;0
425;8;292;156;46;0;0
426;8;156;293;47;0;0
427;8;293;294;48;0;0
428;8;294;203;49;0;0
429;8;203;152;50;0;0
430;8;152;295;51;0;0
431;8;295;296;52;0;0
432;8;296;297;53;0;0
433;8;297;298;54;0;0
434;8;298;299;55;0;0
435;8;299;300;56;0;0
436;8;300;0;57;0;0
437;9;301;302;1;0;0
438;9;302;303;2;0;0
439;9;303;304;3;0;0
440;9;304;305;4;0;0
441;9;305;306;5;0;0
442;9;306;115;6;0;0
443;9;115;5;7;0;0
444;9;5;6;8;0;0
445;9;6;7;9;0;0
446;9;7;8;10;0;0
447;9;8;9;11;0;0
448;9;9;10;12;0;0
449;9;10;11;13;0;0
450;9;11;12;14;0;0
451;9;12;13;15;0;0
452;9;13;14;16;0;0
453;9;14;15;17;0;0
454;9;15;16;18;0;0
455;9;16;17;19;0;0
456;9;17;18;20;0;0
457;9;18;19;21;0;0
458;9;19;307;22;0;0
459;9;307;308;23;0;0
460;9;308;309;24;0;0
461;9;309;310;25;0;0
462;9;310;311;26;0;0
463;9;311;312;27;0;0
464;9;312;313;28;0;0
465;9;313;314;29;0;0
466;9;314;166;30;0;0
467;9;166;188;31;0;0
468;9;188;315;32;0;0
469;9;315;316;33;0;0
470;9;316;279;34;0;0
471;9;279;280;35;0;0
472;9;280;281;36;0;0
473;9;281;282;37;0;0
474;9;282;283;38;0;0
475;9;283;236;39;0;0
476;9;236;317;40;0;0
477;9;317;318;41;0;0
478;9;318;319;42;0;0
479;9;319;320;43;0;0
480;9;320;0;44;0;0
481;10;321;320;1;0;0
482;10;320;319;2;0;0
483;10;319;318;3;0;0
484;10;318;317;4;0;0
485;10;317;236;5;0;0
486;10;236;237;6;0;0
487;10;237;238;7;0;0
488;10;238;239;8;0;0
489;10;239;280;9;0;0
490;10;280;322;10;0;0
491;10;322;323;11;0;0
492;10;323;324;12;0;0
493;10;324;189;13;0;0
494;10;189;190;14;0;0
495;10;190;164;15;0;0
496;10;164;191;16;0;0
497;10;191;192;17;0;0
498;10;192;193;18;0;0
499;10;193;194;19;0;0
500;10;194;195;20;0;0
501;10;195;196;21;0;0
502;10;196;325;22;0;0
503;10;325;326;23;0;0
504;10;326;327;24;0;0
505;10;327;328;25;0;0
506;10;328;19;26;0;0
507;10;19;20;27;0;0
508;10;20;21;28;0;0
509;10;21;329;29;0;0
510;10;329;102;30;0;0
511;10;102;103;31;0;0
512;10;103;104;32;0;0
513;10;104;105;33;0;0
514;10;105;106;34;0;0
515;10;106;107;35;0;0
516;10;107;108;36;0;0
517;10;108;109;37;0;0
518;10;109;110;38;0;0
519;10;110;111;39;0;0
520;10;111;112;40;0;0
521;10;112;113;41;0;0
522;10;113;117;42;0;0
523;10;117;118;43;0;0
524;10;118;330;44;0;0
525;10;330;331;45;0;0
526;10;331;332;46;0;0
527;10;332;333;47;0;0
528;10;333;334;48;0;0
529;10;334;335;49;0;0
530;10;335;336;50;0;0
531;10;336;337;51;0;0
532;10;337;338;52;0;0
533;10;338;339;53;0;0
534;10;339;340;54;0;0
535;10;340;341;55;0;0
536;10;341;342;56;0;0
537;10;342;0;57;0;0
538;11;221;222;1;0;0
539;11;222;223;2;0;0
540;11;223;224;3;0;0
541;11;224;343;4;0;0
542;11;343;153;5;0;0
543;11;153;154;6;0;0
544;11;154;155;7;0;0
545;11;155;156;8;0;0
546;11;156;157;9;0;0
547;11;157;158;10;0;0
548;11;158;159;11;0;0
549;11;159;160;12;0;0
550;11;160;344;13;0;0
551;11;344;194;14;0;0
552;11;194;345;15;0;0
553;11;345;311;16;0;0
554;11;311;312;17;0;0
555;11;312;313;18;0;0
556;11;313;314;19;0;0
557;11;314;166;20;0;0
558;11;166;167;21;0;0
559;11;167;168;22;0;0
560;11;168;169;23;0;0
561;11;169;170;24;0;0
562;11;170;171;25;0;0
563;11;171;172;26;0;0
564;11;172;173;27;0;0
565;11;173;36;28;0;0
566;11;36;37;29;0;0
567;11;37;38;30;0;0
568;11;38;39;31;0;0
569;11;39;40;32;0;0
570;11;40;41;33;0;0
571;11;41;42;34;0;0
572;11;42;43;35;0;0
573;11;43;44;36;0;0
574;11;44;45;37;0;0
575;11;45;46;38;0;0
576;11;46;47;39;0;0
577;11;47;48;40;0;0
578;11;48;49;41;0;0
579;11;49;50;42;0;0
580;11;50;51;43;0;0
581;11;51;52;44;0;0
582;11;52;53;45;0;0
583;11;53;54;46;0;0
584;11;54;55;47;0;0
585;11;55;56;48;0;0
586;11;56;57;49;0;0
587;11;57;59;50;0;0
588;11;59;67;51;0;0
589;11;67;346;52;0;0
590;11;346;257;53;0;0
591;11;257;258;54;0;0
592;11;258;0;55;0;0
593;12;259;260;1;0;0
594;12;260;261;2;0;0
595;12;261;262;3;0;0
596;12;262;263;4;0;0
597;12;263;69;5;0;0
598;12;69;70;6;0;0
599;12;70;71;7;0;0
600;12;71;72;8;0;0
601;12;72;73;9;0;0
602;12;73;74;10;0;0
603;12;74;75;11;0;0
604;12;75;76;12;0;0
605;12;76;77;13;0;0
606;12;77;78;14;0;0
607;12;78;79;15;0;0
608;12;79;80;16;0;0
609;12;80;81;17;0;0
610;12;81;82;18;0;0
611;12;82;179;19;0;0
612;12;179;37;20;0;0
613;12;37;180;21;0;0
614;12;180;181;22;0;0
615;12;181;182;23;0;0
616;12;182;183;24;0;0
617;12;183;184;25;0;0
618;12;184;185;26;0;0
619;12;185;186;27;0;0
620;12;186;187;28;0;0
621;12;187;188;29;0;0
622;12;188;189;30;0;0
623;12;189;190;31;0;0
624;12;190;164;32;0;0
625;12;164;191;33;0;0
626;12;191;192;34;0;0
627;12;192;347;35;0;0
628;12;347;162;36;0;0
629;12;162;348;37;0;0
630;12;348;349;38;0;0
631;12;349;350;39;0;0
632;12;350;351;40;0;0
633;12;351;291;41;0;0
634;12;291;292;42;0;0
635;12;292;156;43;0;0
636;12;156;293;44;0;0
637;12;293;294;45;0;0
638;12;294;203;46;0;0
639;12;203;152;47;0;0
640;12;152;295;48;0;0
641;12;295;296;49;0;0
642;12;296;297;50;0;0
643;12;297;298;51;0;0
644;12;298;299;52;0;0
645;12;299;300;53;0;0
646;12;300;0;54;0;0
647;13;352;353;1;0;0
648;13;353;147;2;0;0
649;13;147;207;3;0;0
650;13;207;354;4;0;0
651;13;354;355;5;0;0
652;13;355;356;6;0;0
653;13;356;357;7;0;0
654;13;357;358;8;0;0
655;13;358;359;9;0;0
656;13;359;360;10;0;0
657;13;360;328;11;0;0
658;13;328;19;12;0;0
659;13;19;20;13;0;0
660;13;20;21;14;0;0
661;13;21;22;15;0;0
662;13;22;23;16;0;0
663;13;23;24;17;0;0
664;13;24;25;18;0;0
665;13;25;26;19;0;0
666;13;26;27;20;0;0
667;13;27;93;21;0;0
668;13;93;361;22;0;0
669;13;361;362;23;0;0
670;13;362;363;24;0;0
671;13;363;364;25;0;0
672;13;364;365;26;0;0
673;13;365;366;27;0;0
674;13;366;367;28;0;0
675;13;367;368;29;0;0
676;13;368;369;30;0;0
677;13;369;370;31;0;0
678;13;370;371;32;0;0
679;13;371;372;33;0;0
680;13;372;373;34;0;0
681;13;373;374;35;0;0
682;13;374;375;36;0;0
683;13;375;376;37;0;0
684;13;376;377;38;0;0
685;13;377;378;39;0;0
686;13;378;379;40;0;0
687;13;379;380;41;0;0
688;13;380;70;42;0;0
689;13;70;58;43;0;0
690;13;58;59;44;0;0
691;13;59;67;45;0;0
692;13;67;68;46;0;0
693;13;68;256;47;0;0
694;13;256;257;48;0;0
695;13;257;258;49;0;0
696;13;258;0;50;0;0
697;14;259;260;1;0;0
698;14;260;261;2;0;0
699;14;261;262;3;0;0
700;14;262;263;4;0;0
701;14;263;69;5;0;0
702;14;69;381;6;0;0
703;14;381;382;7;0;0
704;14;382;383;8;0;0
705;14;383;384;9;0;0
706;14;384;385;10;0;0
707;14;385;386;11;0;0
708;14;386;387;12;0;0
709;14;387;388;13;0;0
710;14;388;389;14;0;0
711;14;389;390;15;0;0
712;14;390;391;16;0;0
713;14;391;392;17;0;0
714;14;392;393;18;0;0
715;14;393;368;19;0;0
716;14;368;394;20;0;0
717;14;394;395;21;0;0
718;14;395;396;22;0;0
719;14;396;397;23;0;0
720;14;397;398;24;0;0
721;14;398;91;25;0;0
722;14;91;399;26;0;0
723;14;399;28;27;0;0
724;14;28;400;28;0;0
725;14;400;401;29;0;0
726;14;401;402;30;0;0
727;14;402;403;31;0;0
728;14;403;404;32;0;0
729;14;404;405;33;0;0
730;14;405;406;34;0;0
731;14;406;307;35;0;0
732;14;307;326;36;0;0
733;14;326;407;37;0;0
734;14;407;408;38;0;0
735;14;408;409;39;0;0
736;14;409;410;40;0;0
737;14;410;411;41;0;0
738;14;411;412;42;0;0
739;14;412;413;43;0;0
740;14;413;205;44;0;0
741;14;205;150;45;0;0
742;14;150;414;46;0;0
743;14;414;415;47;0;0
744;14;415;416;48;0;0
745;14;416;297;49;0;0
746;14;297;298;50;0;0
747;14;298;299;51;0;0
748;14;299;300;52;0;0
749;14;300;0;53;0;0
750;15;259;260;1;0;0
751;15;260;261;2;0;0
752;15;261;262;3;0;0
753;15;262;263;4;0;0
754;15;263;69;5;0;0
755;15;69;381;6;0;0
756;15;381;382;7;0;0
757;15;382;383;8;0;0
758;15;383;384;9;0;0
759;15;384;417;10;0;0
760;15;417;418;11;0;0
761;15;418;419;12;0;0
762;15;419;420;13;0;0
763;15;420;421;14;0;0
764;15;421;422;15;0;0
765;15;422;423;16;0;0
766;15;423;424;17;0;0
767;15;424;425;18;0;0
768;15;425;426;19;0;0
769;15;426;387;20;0;0
770;15;387;427;21;0;0
771;15;427;374;22;0;0
772;15;374;428;23;0;0
773;15;428;429;24;0;0
774;15;429;430;25;0;0
775;15;430;431;26;0;0
776;15;431;432;27;0;0
777;15;432;433;28;0;0
778;15;433;434;29;0;0
779;15;434;435;30;0;0
780;15;435;436;31;0;0
781;15;436;82;32;0;0
782;15;82;179;33;0;0
783;15;179;37;34;0;0
784;15;37;180;35;0;0
785;15;180;181;36;0;0
786;15;181;182;37;0;0
787;15;182;183;38;0;0
788;15;183;184;39;0;0
789;15;184;185;40;0;0
790;15;185;186;41;0;0
791;15;186;187;42;0;0
792;15;187;188;43;0;0
793;15;188;189;44;0;0
794;15;189;190;45;0;0
795;15;190;164;46;0;0
796;15;164;191;47;0;0
797;15;191;192;48;0;0
798;15;192;193;49;0;0
799;15;193;194;50;0;0
800;15;194;195;51;0;0
801;15;195;196;52;0;0
802;15;196;325;53;0;0
803;15;325;326;54;0;0
804;15;326;407;55;0;0
805;15;407;408;56;0;0
806;15;408;409;57;0;0
807;15;409;410;58;0;0
808;15;410;411;59;0;0
809;15;411;412;60;0;0
810;15;412;413;61;0;0
811;15;413;205;62;0;0
812;15;205;206;63;0;0
813;15;206;207;64;0;0
814;15;207;208;65;0;0
815;15;208;209;66;0;0
816;15;209;210;67;0;0
817;15;210;211;68;0;0
818;15;211;212;69;0;0
819;15;212;213;70;0;0
820;15;213;214;71;0;0
821;15;214;215;72;0;0
822;15;215;216;73;0;0
823;15;216;217;74;0;0
824;15;217;0;75;0;0
825;16;437;220;1;0;0
826;16;220;219;2;0;0
827;16;219;438;3;0;0
828;16;438;439;4;0;0
829;16;439;142;5;0;0
830;16;142;143;6;0;0
831;16;143;144;7;0;0
832;16;144;145;8;0;0
833;16;145;146;9;0;0
834;16;146;147;10;0;0
835;16;147;207;11;0;0
836;16;207;354;12;0;0
837;16;354;355;13;0;0
838;16;355;356;14;0;0
839;16;356;357;15;0;0
840;16;357;358;16;0;0
841;16;358;359;17;0;0
842;16;359;360;18;0;0
843;16;360;328;19;0;0
844;16;328;19;20;0;0
845;16;19;20;21;0;0
846;16;20;21;22;0;0
847;16;21;22;23;0;0
848;16;22;23;24;0;0
849;16;23;24;25;0;0
850;16;24;25;26;0;0
851;16;25;26;27;0;0
852;16;26;27;28;0;0
853;16;27;93;29;0;0
854;16;93;361;30;0;0
855;16;361;362;31;0;0
856;16;362;363;32;0;0
857;16;363;364;33;0;0
858;16;364;365;34;0;0
859;16;365;366;35;0;0
860;16;366;367;36;0;0
861;16;367;368;37;0;0
862;16;368;369;38;0;0
863;16;369;370;39;0;0
864;16;370;371;40;0;0
865;16;371;372;41;0;0
866;16;372;373;42;0;0
867;16;373;374;43;0;0
868;16;374;375;44;0;0
869;16;375;376;45;0;0
870;16;376;377;46;0;0
871;16;377;378;47;0;0
872;16;378;379;48;0;0
873;16;379;380;49;0;0
874;16;380;70;50;0;0
875;16;70;58;51;0;0
876;16;58;59;52;0;0
877;16;59;67;53;0;0
878;16;67;68;54;0;0
879;16;68;256;55;0;0
880;16;256;257;56;0;0
881;16;257;258;57;0;0
882;16;258;0;58;0;0
883;17;440;441;1;0;0
884;17;441;442;2;0;0
885;17;442;443;3;0;0
886;17;443;444;4;0;0
887;17;444;445;5;0;0
888;17;445;446;6;0;0
889;17;446;447;7;0;0
890;17;447;448;8;0;0
891;17;448;449;9;0;0
892;17;449;450;10;0;0
893;17;450;451;11;0;0
894;17;451;452;12;0;0
895;17;452;336;13;0;0
896;17;336;337;14;0;0
897;17;337;338;15;0;0
898;17;338;453;16;0;0
899;17;453;303;17;0;0
900;17;303;304;18;0;0
901;17;304;305;19;0;0
902;17;305;306;20;0;0
903;17;306;115;21;0;0
904;17;115;5;22;0;0
905;17;5;6;23;0;0
906;17;6;7;24;0;0
907;17;7;8;25;0;0
908;17;8;9;26;0;0
909;17;9;10;27;0;0
910;17;10;11;28;0;0
911;17;11;12;29;0;0
912;17;12;454;30;0;0
913;17;454;455;31;0;0
914;17;455;456;32;0;0
915;17;456;457;33;0;0
916;17;457;458;34;0;0
917;17;458;459;35;0;0
918;17;459;460;36;0;0
919;17;460;461;37;0;0
920;17;461;462;38;0;0
921;17;462;217;39;0;0
922;17;217;218;40;0;0
923;17;218;219;41;0;0
924;17;219;438;42;0;0
925;17;438;439;43;0;0
926;17;439;142;44;0;0
927;17;142;143;45;0;0
928;17;143;144;46;0;0
929;17;144;145;47;0;0
930;17;145;146;48;0;0
931;17;146;147;49;0;0
932;17;147;148;50;0;0
933;17;148;149;51;0;0
934;17;149;150;52;0;0
935;17;150;151;53;0;0
936;17;151;152;54;0;0
937;17;152;153;55;0;0
938;17;153;154;56;0;0
939;17;154;155;57;0;0
940;17;155;228;58;0;0
941;17;228;229;59;0;0
942;17;229;230;60;0;0
943;17;230;231;61;0;0
944;17;231;232;62;0;0
945;17;232;233;63;0;0
946;17;233;234;64;0;0
947;17;234;235;65;0;0
948;17;235;236;66;0;0
949;17;236;237;67;0;0
950;17;237;238;68;0;0
951;17;238;239;69;0;0
952;17;239;240;70;0;0
953;17;240;241;71;0;0
954;17;241;242;72;0;0
955;17;242;243;73;0;0
956;17;243;244;74;0;0
957;17;244;245;75;0;0
958;17;245;246;76;0;0
959;17;246;247;77;0;0
960;17;247;248;78;0;0
961;17;248;249;79;0;0
962;17;249;250;80;0;0
963;17;250;251;81;0;0
964;17;251;252;82;0;0
965;17;252;253;83;0;0
966;17;253;254;84;0;0
967;17;254;255;85;0;0
968;17;255;44;86;0;0
969;17;44;45;87;0;0
970;17;45;46;88;0;0
971;17;46;47;89;0;0
972;17;47;48;90;0;0
973;17;48;49;91;0;0
974;17;49;50;92;0;0
975;17;50;51;93;0;0
976;17;51;52;94;0;0
977;17;52;53;95;0;0
978;17;53;54;96;0;0
979;17;54;55;97;0;0
980;17;55;56;98;0;0
981;17;56;57;99;0;0
982;17;57;58;100;0;0
983;17;58;59;101;0;0
984;17;59;67;102;0;0
985;17;67;68;103;0;0
986;17;68;69;104;0;0
987;17;69;381;105;0;0
988;17;381;382;106;0;0
989;17;382;383;107;0;0
990;17;383;384;108;0;0
991;17;384;385;109;0;0
992;17;385;386;110;0;0
993;17;386;387;111;0;0
994;17;387;388;112;0;0
995;17;388;389;113;0;0
996;17;389;390;114;0;0
997;17;390;391;115;0;0
998;17;391;392;116;0;0
999;17;392;393;117;0;0
1000;17;393;463;118;0;0
1001;17;463;464;119;0;0
1002;17;464;465;120;0;0
1003;17;465;466;121;0;0
1004;17;466;467;122;0;0
1005;17;467;468;123;0;0
1006;17;468;469;124;0;0
1007;17;469;470;125;0;0
1008;17;470;471;126;0;0
1009;17;471;0;127;0;0
1010;18;472;473;1;0;0
1011;18;473;474;2;0;0
1012;18;474;475;3;0;0
1013;18;475;476;4;0;0
1014;18;476;366;5;0;0
1015;18;366;367;6;0;0
1016;18;367;368;7;0;0
1017;18;368;369;8;0;0
1018;18;369;370;9;0;0
1019;18;370;371;10;0;0
1020;18;371;372;11;0;0
1021;18;372;373;12;0;0
1022;18;373;374;13;0;0
1023;18;374;375;14;0;0
1024;18;375;376;15;0;0
1025;18;376;377;16;0;0
1026;18;377;378;17;0;0
1027;18;378;379;18;0;0
1028;18;379;380;19;0;0
1029;18;380;70;20;0;0
1030;18;70;71;21;0;0
1031;18;71;72;22;0;0
1032;18;72;73;23;0;0
1033;18;73;74;24;0;0
1034;18;74;75;25;0;0
1035;18;75;76;26;0;0
1036;18;76;77;27;0;0
1037;18;77;78;28;0;0
1038;18;78;79;29;0;0
1039;18;79;264;30;0;0
1040;18;264;265;31;0;0
1041;18;265;43;32;0;0
1042;18;43;266;33;0;0
1043;18;266;267;34;0;0
1044;18;267;268;35;0;0
1045;18;268;269;36;0;0
1046;18;269;270;37;0;0
1047;18;270;271;38;0;0
1048;18;271;272;39;0;0
1049;18;272;273;40;0;0
1050;18;273;274;41;0;0
1051;18;274;275;42;0;0
1052;18;275;276;43;0;0
1053;18;276;277;44;0;0
1054;18;277;278;45;0;0
1055;18;278;279;46;0;0
1056;18;279;280;47;0;0
1057;18;280;281;48;0;0
1058;18;281;282;49;0;0
1059;18;282;283;50;0;0
1060;18;283;284;51;0;0
1061;18;284;285;52;0;0
1062;18;285;286;53;0;0
1063;18;286;287;54;0;0
1064;18;287;288;55;0;0
1065;18;288;289;56;0;0
1066;18;289;290;57;0;0
1067;18;290;291;58;0;0
1068;18;291;292;59;0;0
1069;18;292;156;60;0;0
1070;18;156;293;61;0;0
1071;18;293;294;62;0;0
1072;18;294;203;63;0;0
1073;18;203;204;64;0;0
1074;18;204;205;65;0;0
1075;18;205;206;66;0;0
1076;18;206;207;67;0;0
1077;18;207;208;68;0;0
1078;18;208;209;69;0;0
1079;18;209;210;70;0;0
1080;18;210;211;71;0;0
1081;18;211;212;72;0;0
1082;18;212;213;73;0;0
1083;18;213;214;74;0;0
1084;18;214;215;75;0;0
1085;18;215;216;76;0;0
1086;18;216;477;77;0;0
1087;18;477;478;78;0;0
1088;18;478;479;79;0;0
1089;18;479;480;80;0;0
1090;18;480;481;81;0;0
1091;18;481;482;82;0;0
1092;18;482;483;83;0;0
1093;18;483;484;84;0;0
1094;18;484;13;85;0;0
1095;18;13;485;86;0;0
1096;18;485;137;87;0;0
1097;18;137;108;88;0;0
1098;18;108;109;89;0;0
1099;18;109;110;90;0;0
1100;18;110;111;91;0;0
1101;18;111;112;92;0;0
1102;18;112;113;93;0;0
1103;18;113;117;94;0;0
1104;18;117;118;95;0;0
1105;18;118;330;96;0;0
1106;18;330;331;97;0;0
1107;18;331;332;98;0;0
1108;18;332;333;99;0;0
1109;18;333;334;100;0;0
1110;18;334;335;101;0;0
1111;18;335;486;102;0;0
1112;18;486;487;103;0;0
1113;18;487;488;104;0;0
1114;18;488;489;105;0;0
1115;18;489;490;106;0;0
1116;18;490;491;107;0;0
1117;18;491;492;108;0;0
1118;18;492;493;109;0;0
1119;18;493;494;110;0;0
1120;18;494;0;111;0;0
1121;19;471;495;1;0;0
1122;19;495;440;2;0;0
1123;19;440;441;3;0;0
1124;19;441;442;4;0;0
1125;19;442;443;5;0;0
1126;19;443;444;6;0;0
1127;19;444;445;7;0;0
1128;19;445;446;8;0;0
1129;19;446;447;9;0;0
1130;19;447;448;10;0;0
1131;19;448;449;11;0;0
1132;19;449;450;12;0;0
1133;19;450;451;13;0;0
1134;19;451;452;14;0;0
1135;19;452;336;15;0;0
1136;19;336;337;16;0;0
1137;19;337;338;17;0;0
1138;19;338;453;18;0;0
1139;19;453;303;19;0;0
1140;19;303;304;20;0;0
1141;19;304;305;21;0;0
1142;19;305;306;22;0;0
1143;19;306;115;23;0;0
1144;19;115;5;24;0;0
1145;19;5;6;25;0;0
1146;19;6;7;26;0;0
1147;19;7;8;27;0;0
1148;19;8;9;28;0;0
1149;19;9;10;29;0;0
1150;19;10;11;30;0;0
1151;19;11;12;31;0;0
1152;19;12;454;32;0;0
1153;19;454;455;33;0;0
1154;19;455;456;34;0;0
1155;19;456;457;35;0;0
1156;19;457;458;36;0;0
1157;19;458;459;37;0;0
1158;19;459;460;38;0;0
1159;19;460;461;39;0;0
1160;19;461;462;40;0;0
1161;19;462;217;41;0;0
1162;19;217;218;42;0;0
1163;19;218;219;43;0;0
1164;19;219;438;44;0;0
1165;19;438;439;45;0;0
1166;19;439;142;46;0;0
1167;19;142;143;47;0;0
1168;19;143;144;48;0;0
1169;19;144;145;49;0;0
1170;19;145;146;50;0;0
1171;19;146;147;51;0;0
1172;19;147;148;52;0;0
1173;19;148;149;53;0;0
1174;19;149;150;54;0;0
1175;19;150;151;55;0;0
1176;19;151;152;56;0;0
1177;19;152;153;57;0;0
1178;19;153;154;58;0;0
1179;19;154;155;59;0;0
1180;19;155;228;60;0;0
1181;19;228;229;61;0;0
1182;19;229;230;62;0;0
1183;19;230;231;63;0;0
1184;19;231;232;64;0;0
1185;19;232;233;65;0;0
1186;19;233;234;66;0;0
1187;19;234;235;67;0;0
1188;19;235;236;68;0;0
1189;19;236;237;69;0;0
1190;19;237;238;70;0;0
1191;19;238;239;71;0;0
1192;19;239;240;72;0;0
1193;19;240;241;73;0;0
1194;19;241;242;74;0;0
1195;19;242;243;75;0;0
1196;19;243;244;76;0;0
1197;19;244;245;77;0;0
1198;19;245;246;78;0;0
1199;19;246;247;79;0;0
1200;19;247;248;80;0;0
1201;19;248;249;81;0;0
1202;19;249;250;82;0;0
1203;19;250;251;83;0;0
1204;19;251;252;84;0;0
1205;19;252;253;85;0;0
1206;19;253;254;86;0;0
1207;19;254;255;87;0;0
1208;19;255;44;88;0;0
1209;19;44;45;89;0;0
1210;19;45;46;90;0;0
1211;19;46;47;91;0;0
1212;19;47;48;92;0;0
1213;19;48;49;93;0;0
1214;19;49;50;94;0;0
1215;19;50;51;95;0;0
1216;19;51;52;96;0;0
1217;19;52;53;97;0;0
1218;19;53;54;98;0;0
1219;19;54;55;99;0;0
1220;19;55;56;100;0;0
1221;19;56;57;101;0;0
1222;19;57;58;102;0;0
1223;19;58;59;103;0;0
1224;19;59;67;104;0;0
1225;19;67;68;105;0;0
1226;19;68;69;106;0;0
1227;19;69;381;107;0;0
1228;19;381;382;108;0;0
1229;19;382;383;109;0;0
1230;19;383;384;110;0;0
1231;19;384;385;111;0;0
1232;19;385;386;112;0;0
1233;19;386;387;113;0;0
1234;19;387;388;114;0;0
1235;19;388;389;115;0;0
1236;19;389;390;116;0;0
1237;19;390;391;117;0;0
1238;19;391;392;118;0;0
1239;19;392;393;119;0;0
1240;19;393;463;120;0;0
1241;19;463;464;121;0;0
1242;19;464;465;122;0;0
1243;19;465;466;123;0;0
1244;19;466;467;124;0;0
1245;19;467;468;125;0;0
1246;19;468;0;126;0;0
1247;20;495;496;1;0;0
1248;20;496;472;2;0;0
1249;20;472;473;3;0;0
1250;20;473;474;4;0;0
1251;20;474;475;5;0;0
1252;20;475;476;6;0;0
1253;20;476;366;7;0;0
1254;20;366;367;8;0;0
1255;20;367;368;9;0;0
1256;20;368;369;10;0;0
1257;20;369;370;11;0;0
1258;20;370;371;12;0;0
1259;20;371;372;13;0;0
1260;20;372;373;14;0;0
1261;20;373;374;15;0;0
1262;20;374;375;16;0;0
1263;20;375;376;17;0;0
1264;20;376;377;18;0;0
1265;20;377;378;19;0;0
1266;20;378;379;20;0;0
1267;20;379;380;21;0;0
1268;20;380;70;22;0;0
1269;20;70;71;23;0;0
1270;20;71;72;24;0;0
1271;20;72;73;25;0;0
1272;20;73;74;26;0;0
1273;20;74;75;27;0;0
1274;20;75;76;28;0;0
1275;20;76;77;29;0;0
1276;20;77;78;30;0;0
1277;20;78;79;31;0;0
1278;20;79;264;32;0;0
1279;20;264;265;33;0;0
1280;20;265;43;34;0;0
1281;20;43;266;35;0;0
1282;20;266;267;36;0;0
1283;20;267;268;37;0;0
1284;20;268;269;38;0;0
1285;20;269;270;39;0;0
1286;20;270;271;40;0;0
1287;20;271;272;41;0;0
1288;20;272;273;42;0;0
1289;20;273;274;43;0;0
1290;20;274;275;44;0;0
1291;20;275;276;45;0;0
1292;20;276;277;46;0;0
1293;20;277;278;47;0;0
1294;20;278;279;48;0;0
1295;20;279;280;49;0;0
1296;20;280;281;50;0;0
1297;20;281;282;51;0;0
1298;20;282;283;52;0;0
1299;20;283;284;53;0;0
1300;20;284;285;54;0;0
1301;20;285;286;55;0;0
1302;20;286;287;56;0;0
1303;20;287;288;57;0;0
1304;20;288;289;58;0;0
1305;20;289;290;59;0;0
1306;20;290;291;60;0;0
1307;20;291;292;61;0;0
1308;20;292;156;62;0;0
1309;20;156;293;63;0;0
1310;20;293;294;64;0;0
1311;20;294;203;65;0;0
1312;20;203;204;66;0;0
1313;20;204;205;67;0;0
1314;20;205;206;68;0;0
1315;20;206;207;69;0;0
1316;20;207;208;70;0;0
1317;20;208;209;71;0;0
1318;20;209;210;72;0;0
1319;20;210;211;73;0;0
1320;20;211;212;74;0;0
1321;20;212;213;75;0;0
1322;20;213;214;76;0;0
1323;20;214;215;77;0;0
1324;20;215;216;78;0;0
1325;20;216;477;79;0;0
1326;20;477;478;80;0;0
1327;20;478;479;81;0;0
1328;20;479;480;82;0;0
1329;20;480;481;83;0;0
1330;20;481;482;84;0;0
1331;20;482;483;85;0;0
1332;20;483;484;86;0;0
1333;20;484;13;87;0;0
1334;20;13;485;88;0;0
1335;20;485;137;89;0;0
1336;20;137;108;90;0;0
1337;20;108;109;91;0;0
1338;20;109;110;92;0;0
1339;20;110;111;93;0;0
1340;20;111;112;94;0;0
1341;20;112;113;95;0;0
1342;20;113;117;96;0;0
1343;20;117;118;97;0;0
1344;20;118;330;98;0;0
1345;20;330;331;99;0;0
1346;20;331;332;100;0;0
1347;20;332;333;101;0;0
1348;20;333;334;102;0;0
1349;20;334;335;103;0;0
1350;20;335;486;104;0;0
1351;20;486;487;105;0;0
1352;20;487;488;106;0;0
1353;20;488;489;107;0;0
1354;20;489;490;108;0;0
1355;20;490;491;109;0;0
1356;20;491;492;110;0;0
1357;20;492;493;111;0;0
1358;20;493;494;112;0;0
1359;20;494;497;113;0;0
1360;20;497;498;114;0;0
1361;20;498;0;115;0;0
